merged_commit_sha,base_sha,date,merge_or_rebase
9a5e5b5a019b1f87772eeca043a0206853a0c910,bb1d917c2fc0db03debf77c711fc37bef5231c88,,merge
05f41907fc22ecb4059e73c182fcce47db75461d,05dd2fa2986c37e7aee3cba917b1d02a3a189390,,merge
b488c3f87f9d52c0c13acf853899ef62c2e206c0,05dd2fa2986c37e7aee3cba917b1d02a3a189390,2020-09-02 19:47:24,rebase
1aa26459587da0e51671335cf1a752bc0e5fd067,e0f7ce402b46f5ef4c1cc422413056b8a83fb6df,,merge
b66f105f3ee6b3234f6ebd64af176a3a487d70f1,bf1c62b2612dba79365e836830fe2a6105adbe78,2020-06-23 23:18:31,rebase
75528f87e7ee42ff875daec08c89e54490e9f604,bf1c62b2612dba79365e836830fe2a6105adbe78,,merge
8186ecec538e8d7cab458aae2f39d264270d75ac,e0c77f71f90e3bb8495c5c88fb0fb054d71cf7fc,,merge
48a200275fa7250c42a7d82cf138748b1dddf049,e0c77f71f90e3bb8495c5c88fb0fb054d71cf7fc,,merge
064fc34a3f3947502f89416184464f690a1a2d2a,7486e12f88b2a9039b805356bcbe259c0fca5c2d,,merge
b1771c9a5cd804a0027fbbcfe236e3924d5e4637,d4f50745356fd38e30100d50418b83db24755994,,merge
d4f50745356fd38e30100d50418b83db24755994,91eebe922de06a3ed4ba6622686c436c7941aa63,2020-05-25 14:05:50,rebase
250b94cd03e6f947ba516869c7f3b277f8d0cacc,91eebe922de06a3ed4ba6622686c436c7941aa63,2020-05-26 18:19:16,rebase
4ecbdcd3a1a169427e77f9ef1fc107873eae0c21,91eebe922de06a3ed4ba6622686c436c7941aa63,,merge
e7f2f071e08ba54d60c89c4d875d88f55d556c4c,844bc8031c63284ba324217b39b663a104fc4d35,,merge
7269dbfb6f4c5b613ef5a914c097bb992591deac,d7ae90a790416f150a39e8f42f8278598bafae29,,merge
c45838d0688c4a895c4e3c84efbfb0890e071790,844bc8031c63284ba324217b39b663a104fc4d35,,merge
55a59bc24e6a8ca4ed9615aa669623afaafdb8ff,e65de2941c056ee5833b4dab3db36b297b53aa14,,merge
b8c5e1657406923a92b5124c34502bcd8bae2904,44b5d06583cd21ac237eb8f6263db03faf1726c2,,merge
f08b9ea460d9e687f062ba52c7750739567c2cc6,76406c7894912125afae59e6e5be00222ba10b48,,merge
948d2744f69c130154d8a3e2ee1ea3af8a02c5a7,76406c7894912125afae59e6e5be00222ba10b48,,merge
faa036e46e692c3ebcb76e5a023affb29d58782c,aa5e31356178de43d42f43f48914a62c25033f4b,,merge
78be162b90a4d12b9d0e37232f26d7847b59e8a1,aa5e31356178de43d42f43f48914a62c25033f4b,,merge
1dc37cd51040de0958e01e0af8f45fa6e09e58dc,fe57e3c2921a1901390534e1e51053df70b5644b,,merge
1b4b1d10f89daa908267285ed7065de38ebabc5c,73a8ebb691813ccdc1531c1bd916c352ac0b7574,,merge
e4be1ac9569cda6dbcbf0d880fcced88055a768b,7dbdd2e6a5f01d2a4b377a197618948617517b0e,,merge
2203d03126b317b87c575017cd56ba87563ad662,7dbdd2e6a5f01d2a4b377a197618948617517b0e,,merge
a820e7d2d3490e1d2935304c17a6ee684d5e7fe0,7dbdd2e6a5f01d2a4b377a197618948617517b0e,,merge
831b61e7d2a7faf99169b683cc0ce28c4ff7f50f,fe57e3c2921a1901390534e1e51053df70b5644b,,merge
a8048d6b47da37782b0b0aabbe554f250eb0a40f,28d850770022afc8b73d88a871fa07e8d35766b3,,merge
8433857d9b4795462c87f945b9983640087620dd,28d850770022afc8b73d88a871fa07e8d35766b3,,merge
f3c0b6ba82158a91aa962ed7d67baad5669ad207,75294462b354d147aa5914c30e3005551cc04e4a,,merge
6a3c4eaa63b717c5b68ea90f649180cc320873cb,1e20218b3da47691ab5589592f41ce50856f7273,,merge
7a24bbe010205a5997853d09518acea1118c4a0c,d25248343e248337284dfbe5ecd1eddbd37ae66d,,merge
573d9299b4149ea25d5de1ee1f9fb2d3666a29cc,d25248343e248337284dfbe5ecd1eddbd37ae66d,,merge
7749aac50dd404b53ac5c1b35b7935b660ecdad7,1e20218b3da47691ab5589592f41ce50856f7273,2019-10-30 20:43:07,rebase
9198758eea25d83d315684667d7ba75e273327fb,243b1bc292a2e3f8c9aee8884574c1c7f4354402,,merge
d25248343e248337284dfbe5ecd1eddbd37ae66d,1bd0a55aa76ceeda0537f7483bda1163405aa571,2019-10-06 15:36:47,rebase
99704a6ea318166d7c177072e0af43e55b2f3b79,243b1bc292a2e3f8c9aee8884574c1c7f4354402,,merge
5418d456f53163d7b3fc9e82c55fa61f7e23e0a9,7105ff2dfd004a46bd732c1d0c9f461bae6d51b3,,merge
76084082784aa4ac1d82a08682fde0c1be90d76e,2c7ef5b480d7780455deed43aedc177b9fe3ac61,,merge
7105ff2dfd004a46bd732c1d0c9f461bae6d51b3,7f02898264d6077738f0e8032f027eb7e252c90e,2019-09-16 10:30:27,rebase
e24199abc825e03c35e7dae71526bbca27217663,efda4afb495be4779c152a96f7b3f52c54cbff32,,merge
243b1bc292a2e3f8c9aee8884574c1c7f4354402,7105ff2dfd004a46bd732c1d0c9f461bae6d51b3,2019-09-23 11:43:06,rebase
d99559620012817189bfc5be1c83257d9e5e0b32,b430bc4935d8ca8ff459313dbd87ecc2b266aee1,,merge
7641ce995c1e8785287783f58dfa4adfbe5e58e4,3a5e99e59a74aae9cb74dbd1170374aec9ecc6a2,,merge
c90211e9118474067c69e8f65baf38ca6ccfde93,3a5e99e59a74aae9cb74dbd1170374aec9ecc6a2,,merge
f596971546196a6dfa33c451a3d4ca30ef0eb3e9,3a5e99e59a74aae9cb74dbd1170374aec9ecc6a2,,merge
4f84ace660bf9e7bf1e55452343c92b3edb0aeed,3a5e99e59a74aae9cb74dbd1170374aec9ecc6a2,,merge
e463e85bbab1bd1c805f9a7d733ccd9caa5fa45f,3a5e99e59a74aae9cb74dbd1170374aec9ecc6a2,2019-07-12 16:55:43,rebase
28edd12b6e9dd2f5a1f554524cf1c24793f5624b,d834f01ca43c0f5ddd31b00a7fc2f48abbafa3da,,merge
b320d2fa185d7d563fea70d1bad418e1882900d9,d834f01ca43c0f5ddd31b00a7fc2f48abbafa3da,,merge
b90abc95689977bab22fd94248646426b04882ea,d834f01ca43c0f5ddd31b00a7fc2f48abbafa3da,,merge
2db3b9688da30811c7d92fa9482fd48d8b8382b0,d834f01ca43c0f5ddd31b00a7fc2f48abbafa3da,2019-06-27 16:49:53,rebase
dfbc1c5f3dcdb47d2f6d36cd4be10862e87e8154,d834f01ca43c0f5ddd31b00a7fc2f48abbafa3da,,merge
0bcfb20a9fa7c2ea9a343c9200638bfe50d088e7,d834f01ca43c0f5ddd31b00a7fc2f48abbafa3da,,merge
9d9a6874c3fdbd58f07dbc826093d9548bd608cc,57bf6b2f75e46369e83b6d727541991533b1dc2d,,merge
6a7a31bab4e0f730de14802795a49fd6d6a5a329,6aca3e99f03617df1dd9081f20bd5408baf2a5d6,,merge
44b120765aa4209769618e0cc88e36ba23747fa9,a9343d641c0419622c388b3e8b6413c88e8dd608,,merge
439f641dbac863c8c77dc6e8076214fcb576cf9d,5644b66bac4a8e5e4f42267f68a1448a04c5e6ea,,merge
fa455b294a6e200553d66e80c97da71b32c78462,8055dad7e4d93069a72fdb8abecc131b3c3e5040,,merge
a230e5276d7034c86bc73835da0b85a956496ca3,8055dad7e4d93069a72fdb8abecc131b3c3e5040,,merge
e04bb7433c743b32e8a2aeef686bb836702a87aa,8055dad7e4d93069a72fdb8abecc131b3c3e5040,,merge
599fb3de348f73134b4e9d2ee5cabc62ca0b84ab,2fbb560eb72fea695687d33066c91a329d6d0465,2019-04-20 08:05:16,rebase
99812b723e9bcdd3e8830b071a3c703a4f1a9368,7f02898264d6077738f0e8032f027eb7e252c90e,,merge
a500673b66dc9f31241eeb284eb6977923c97d3a,90e22947c60b0c1fa47cf1496790ce1942e4a5d8,,merge
4c82285c11d86f8dabe618f89c8427badc1af3e6,90e22947c60b0c1fa47cf1496790ce1942e4a5d8,,merge
fb339c5a2651d3b2bc06cdbf15776f9d748de531,90e22947c60b0c1fa47cf1496790ce1942e4a5d8,,merge
1f09714ca42eac898502938b5543c1844646ec39,29d8ca4ce4aef8e0afca62b8ace9ee18a24a9ffd,,merge
46eca92390016c382bad70697110806854ebe8ea,72c3908e1474d0cd72bed9fecb6ff3da022f7200,,merge
775ee92fa59706601eb645cdca83ed3b689de1b9,72c3908e1474d0cd72bed9fecb6ff3da022f7200,,merge
338176bec34b9d3943462d7edba19604e4d6da7c,72c3908e1474d0cd72bed9fecb6ff3da022f7200,,merge
0221b515943867754b51aed5e44d1ef0a76a7130,c90c7b97109db909577e3bf540b5f884422b7e14,,merge
5063853e0310eed35b7d80a1618203bf6fc3ab74,f9923e90958e726aaabc86d83fb3681216d76067,,merge
43da3e07fa0c4be8a22f6f2af4129568e129c90b,f9923e90958e726aaabc86d83fb3681216d76067,,merge
cdd8f99b58573fe247c099c92c8ef27a4805e6d1,f9923e90958e726aaabc86d83fb3681216d76067,,merge
d5311fb6f9aa52568040199a3e11457d61801b41,1d95acdf565f65894f38b8742afde8dbbb80baef,,merge
07eb1a887d1a5085c53cf666c1c8668303db2c20,bb2ca1da1337dece652332cddb9f13067cd92a03,,merge
62d4501c767a98d0299012c76d053c63f86a31bb,9bfdd218fb96c90667923ad2b20c67041aa010e8,,merge
8a5c618d77503d2844f252680da96636d1fbd174,53c8c72c676ca97c10aedfe3d0eb4271c5b23dba,,merge
39e78b6094d4a381ab1013644f96ca5dffea3638,c90c7b97109db909577e3bf540b5f884422b7e14,,merge
5805c79a2bec41fe27170883bd8edbb8109c5366,cc3552465de96118d2fae3c80c5f38dbc89d3d52,,merge
769f727e473dee894bf41704a60d7f9e000dfb78,d9466050d9f61699f3ecba5ab2ca8a0a774dff53,2018-11-02 22:10:00,rebase
da8f3bc174a38198529792defb5d3b5faf3719f9,d9466050d9f61699f3ecba5ab2ca8a0a774dff53,2018-11-03 10:57:48,rebase
a37464447b075a09aa34c02a7ce930d3ba31ba0c,5595fa3ae60386bdb6ae4caf8f488779e3c342a3,,merge
c89fa813c3e2afe217a3d860ba34f221692c79ff,5595fa3ae60386bdb6ae4caf8f488779e3c342a3,,merge
62993d9391469e87c3c69592d436122d73db8b07,245461eb86541be33494fd81befee4553b2f12e9,2018-11-03 13:17:40,rebase
1d82f7a182d9589a9d042b19e7ea1a46d11386bb,2de2589f910b1a85905f425be4d32f33cec092df,,merge
042e6e6cb14ab5237bee4f9da9a5ee83c7efba3f,5afcd0981bf2fe9b9550f24ba298857aac6c35c2,,merge
853dfd26512aab2e7f80f7985e4af23defbadc57,245461eb86541be33494fd81befee4553b2f12e9,,merge
64c034edfb17067ae25239f8fe3ea8ec49fad215,5afcd0981bf2fe9b9550f24ba298857aac6c35c2,2018-10-24 12:03:09,rebase
5afcd0981bf2fe9b9550f24ba298857aac6c35c2,cc805c09630a4b0b273cb5475a3bead706daa09d,2018-10-10 22:58:24,rebase
753aacbe3f7345cfc8a6107ba65462c9036d649f,e75af5f531c0ddabffbc7f028296b18fd98ee036,,merge
e75af5f531c0ddabffbc7f028296b18fd98ee036,dcd2a19d9096b83c66352c620357bec2058b7c9d,2018-10-03 20:03:21,rebase
dcd2a19d9096b83c66352c620357bec2058b7c9d,3e884aea46adca2439c095bdb8aa224054664411,2018-10-01 14:37:25,rebase
3e884aea46adca2439c095bdb8aa224054664411,ab16fcc8dbdff5779d09c306741a2e508fb9bd67,2018-10-01 11:13:21,rebase
cc805c09630a4b0b273cb5475a3bead706daa09d,15cad0223543745d13d4ce2de040d3b7defb3870,2018-10-05 09:59:27,rebase
2de2589f910b1a85905f425be4d32f33cec092df,15cad0223543745d13d4ce2de040d3b7defb3870,2018-10-22 14:15:12,rebase
1443ef5edf6773fda961ee84c58c9e10532df06e,15cad0223543745d13d4ce2de040d3b7defb3870,,merge
5ea6e6cda2210c7beac9641eb683e8c4a1e97bfe,eeac43c3f79cf52c75605e86cb1b1eaf14b01ee6,2018-09-09 11:12:21,rebase
abb2210cfb81307d23e7a789b79d20d4249c45e8,eeac43c3f79cf52c75605e86cb1b1eaf14b01ee6,,merge
1696858ebd2dc66e5e796e1d36acbe6b610147dc,8d3595fb4d4d919e27e1a755095ae1ffae5f50be,,merge
ec3739cd7d03e65a78a1494ee1cbd83cfaf4f251,0be4f3f75aebd9d24583ee86590a38e741db0904,,merge
65e76e3b122c13c07e309f09a8b26dc4e1391468,0be4f3f75aebd9d24583ee86590a38e741db0904,,merge
0be4f3f75aebd9d24583ee86590a38e741db0904,617a322bd88c1b27f1fd7d05dc3723b6c5461a68,2018-05-29 13:51:37,rebase
15cad0223543745d13d4ce2de040d3b7defb3870,5ea6e6cda2210c7beac9641eb683e8c4a1e97bfe,2018-09-11 12:28:46,rebase
073eae28293a75c8dd23b90b47fa480f4cdd65ac,23dfeee4cb4fac69f0b1f3614c4305e2129cf43b,,merge
0a3c4f5d80b041ee1a12c8da3503653d98bd1a15,b4c99aacd46fb472b9e9c604fff245ffb21af11d,2018-03-27 20:03:38,rebase
8f0ad8b0b3a2ab10df270619061356afcd0e3dc0,34d20b0f03df5926882611041354d558c0b364dd,,merge
29e368ab0c0c20609fbd4b9d3a5561f6218f8687,34d20b0f03df5926882611041354d558c0b364dd,,merge
8d98a6e37d122f45439263c96dd50ac2f16b7f5f,77879736af21941a522e538a87af787fe86c648b,2018-03-01 07:31:55,rebase
f67b610dd4ae567e1f874fb6e239d8332598dbfe,f4cd470bcbca37b53355acf6deb172f33ccef675,2018-02-24 20:06:26,rebase
8a8eefa0d8b9a256df1b4540a8a7c158a75eca07,525ad7bfb8884b7cf497bc8e6ebf743df0dada8c,2018-01-30 18:25:17,rebase
e98102162fccc9d6c99052f91211f3a09b95cdf8,525ad7bfb8884b7cf497bc8e6ebf743df0dada8c,2018-02-06 11:57:40,rebase
f5d39545680ab8445516dce3c805f70ae50de739,525ad7bfb8884b7cf497bc8e6ebf743df0dada8c,2018-02-06 11:57:18,rebase
5d10a326006f640a5d7d3b6ef3d1f4c6722bc205,ae53cd29ef46372fbc928a251f8de6e64fa4e7c4,,merge
eb732457ea6bcf0d29c38c7558f54da740304464,973bf296222234b4c756f5c17ca96604e9f976f0,2018-01-29 01:03:25,rebase
3ccc0f44d5f5abb9b29350865b3f6a21bd41a0be,2c1fc13ee4094f579981a5e18a06dccb0a009e68,,merge
421234174fcd5eb5fa96a278d621480d2baeba0b,ac94014ef85853059eed65f1fa5344e2688b6f40,,merge
b88be7c1e967bd9cfa63bdab0ce209d030e41857,ac94014ef85853059eed65f1fa5344e2688b6f40,2018-03-01 07:29:05,rebase
440e7e36f3394cc486a40a979db5bbe7545fd2b1,6e69f63ffa4059d0f16344e6b038285c1ca78c16,2018-01-29 01:34:11,rebase
c480b96cb68d8c03b852cf0010bd49dd4dfc5b09,ac94014ef85853059eed65f1fa5344e2688b6f40,,merge
6e69f63ffa4059d0f16344e6b038285c1ca78c16,eb732457ea6bcf0d29c38c7558f54da740304464,2018-01-29 01:26:13,rebase
0ac08f38f471d8c5d3cca983496cbbd35087a845,84077401e96e243ffd29939475951ee95c4505a6,,merge
0d4534733b7a748a21a1b1177bb37a9b224e3582,f67b610dd4ae567e1f874fb6e239d8332598dbfe,2018-02-25 15:54:45,rebase
94266a7b121b0e5809f4eb483b9a52fc3954424f,682f1cf203707f21c2eed4fa3f89c23c52accc49,,merge
851446a59277305324a120ce8de30fe6866fa571,682f1cf203707f21c2eed4fa3f89c23c52accc49,,merge
eb7c9994bfa34deeac529c0bf6036c3ac67c8165,14ad79f0355e5c5b9cafc132bb2dc859198537ce,2018-01-29 02:59:48,rebase
9ad99ad0a22c38e36f314168289d191e4d1838a7,30489c5aa1392f698e904c6aced1d7a486634c40,,merge
9ffc66805ccfe8f9dca274565000edfe2666b36d,65166858ffc8e1bb85fd091aaadefcfdc398137e,,merge
ca0f3ae064fde1e420ad87d6c86db3b6d319e369,1fe319d234e828c17fccb8a5226b16dd54ff0a00,,merge
68809869f93d77d57e8909ef4c65907875eb9675,1fe319d234e828c17fccb8a5226b16dd54ff0a00,2017-11-20 15:57:15,rebase
0f04d4282e444d22bc9a81f11b3bfef4d1eb7e7c,1fe319d234e828c17fccb8a5226b16dd54ff0a00,,merge
71a6010855088d0e89b6e7a33c60d95c11820cde,1fe319d234e828c17fccb8a5226b16dd54ff0a00,,merge
1b25839b9ac915363f78cd7a415c42492198416b,1fe319d234e828c17fccb8a5226b16dd54ff0a00,,merge
0371a7673e12340ddd47917b68afe71a7a02c15f,1fe319d234e828c17fccb8a5226b16dd54ff0a00,,merge
cd469c2801dcb16fb75b4981d8a657f79a603c15,5595fa3ae60386bdb6ae4caf8f488779e3c342a3,,merge
c5da24a9f6faf501155687334ba3f803d92b94fa,80d181f12dbb3b19fa649638252fa90eacf3d6a2,,merge
e0b2d2aa57b41537b6e8579632fc18e6d8ae0c23,2de2589f910b1a85905f425be4d32f33cec092df,,merge
a7a70cf34de16b8a0395551f69d429a7b6148ba4,2867ca1e5b003b167fac33e8136a4698bb3aa074,2017-10-30 19:44:09,rebase
200c2118d07e1b048210f4a7287a7252bff8b18b,66c0394ae19c24483a5228eeaa179945206768ab,,merge
53338f957c56e62d92a4ef7bba69377203e65028,56ecd62f58f0c988c017050a75c46953a30a7512,,merge
95e282d5a0f20939b73dd436a8cfcb2601fdaf25,5aeb37d1b89a566d70c86c72aec1f11ce5b15c3e,2017-10-01 15:17:34,rebase
230e69999626dfe349f7d4f7051f24569af7a5c8,3b5d58cc46196b00fae0825206f60fbb77c90d83,,merge
3b0ae359ba56b68a15f6ebe7e37db56709b08294,16ae02ab85fc184c20e536b3f8e33be07dd6e39c,,merge
623f99c663048185cc40efc647fc592f25e5a85a,3ee7f8f6954e7693051b2ee80c5367ee5e846a8e,,merge
529455fc1068fdb9c52ac4b189f3e4fe022a4c97,e376404d38e800523301e624834496923d931d4e,,merge
ea65976083853e6bc872b2c0b48015ca5ca6a8bd,00d2efb9ab96e6a1e67325b29421c8da98c78286,,merge
8ab413d9e419a65500cc8e25210ff93c2f9f5496,67c9155f3bce1da59a0eb66b7c18d1b2a48fa1ab,,merge
2df2b1518d1edef83ff5b65fe32ea268185dbeea,9610d68f1979fd97bd2b6b454fec6aeccc8a3e61,,merge
80e4922b5e78f8ce4ca5d98ffeeb4aea9ebf8dec,c23fca63439f2456f5aa0b99a724bbd7177e0167,2017-08-23 11:26:31,rebase
2edbc5bab1b30151f099a9c2387559c3f4be9356,372e908682f1b467b7aa31090b0abb2e25e921b8,,merge
eb26bc29513a593210d05573e62cabca745c1b51,372e908682f1b467b7aa31090b0abb2e25e921b8,,merge
86fab635a6abb341b29741a3fae79e3be709c659,186d03b32affdbea65356b9314957873803c50af,,merge
e4e3e508674f33fa89a282cd81c867714e9314a3,fa0b5e1b85ce9178f5279f27ef99a9a114077f6d,2017-05-16 14:22:25,rebase
602fff07721bdcd23e90a3f606e3f8753a0b3f80,f737e8ce9ff0df6af912311bec98601e26304127,,merge
8744f86f3bf3a3905ff92dee61fca5041044cf21,f737e8ce9ff0df6af912311bec98601e26304127,,merge
488423236053d988f2b1f4b55e64bccbfce9abcb,9457cf33d1db8bc604ac5a258c0406c7cf5b9ae0,2017-04-13 01:59:49,rebase
4aa18edff604a100efa4a823d8be5b84470e2e83,9457cf33d1db8bc604ac5a258c0406c7cf5b9ae0,,merge
f152769ccba194989f42cd06ad5e5cff6e1a60ba,9457cf33d1db8bc604ac5a258c0406c7cf5b9ae0,,merge
7673e512501a57a2cf17c3af1114798a2652aaa5,9457cf33d1db8bc604ac5a258c0406c7cf5b9ae0,,merge
432a255c180a8f4f7b8695467559681a79bca20f,9457cf33d1db8bc604ac5a258c0406c7cf5b9ae0,,merge
a459856616c9a7c90889345b854680f9f72502df,9f63a8abfac11ad6681b8f2937267992180b3549,,merge
a1786c98d06e7623635c0afc672e705c8543baca,62414bff6e2fc76c775cac8086e9330f8e6f22d5,,merge
5ae781586f1c88d977067804f28dc67844399b57,798d7c6d68bb17480fcda6074b1d5a946a05ed52,2017-03-07 18:24:32,rebase
88d6e5cd80eb3087b8da54aa56619a287bcfce89,1fe319d234e828c17fccb8a5226b16dd54ff0a00,,merge
ce4b6cd53878efdc8b87dd2445b4e9de2e52e331,c3fd757b03053832c14e61797930c3a2e4fd41f8,,merge
6126429b0913803e2958c0774d0dd2d6be1f6edb,f4c5e6568e4dd9d57e28305e7d16d35bbe2a84f3,,merge
d28ca5e4f1aeb201557d0129b2419e1d9774a587,5a11d1994088ed777e90a4fbaa7928ae035a3e3c,,merge
adfde1bc866de15bc7e52ce76b44405702f5489d,f29c96303063e337d6cb01eb1139ac9ae4792890,,merge
f3f5a044be1570bef990c1a826f2e5144fff5ad8,f29c96303063e337d6cb01eb1139ac9ae4792890,,merge
cc3125eddcff83f0c65ec307d2034e4e12329318,0f488ac2865d766155344fb356acb40007421ec8,,merge
9fcadae37a82c54dd21554eb1419f13bc6127d04,887e58bd21587dba9fd685e1b80d44bbb0cec6df,,merge
eabd582e47246239e07c5b8929a0f1db0e06c47d,096efdf798896cff80a0b2db08d7398b703406fe,,merge
a5502fc9b8c22452492d1a2ac07a10d9865c4162,5b8051581e2873fdac5bbbb9b8a10460fb6c3965,,merge
144b6923309a84a64545bfac867fd021dfc33576,8210f89b127a7c085ec38ba4342602da6b298244,,merge
ad914d5382c7a6e95aa365ed687a7ab36c3a1ded,8d6f265441959d0eff2d3fd97edfb99b98ce2777,,merge
70dff5f05883385e2d76ae04c9e81dc54f421a00,ca084d40c1fecdd87e45a49f58448c5b77766488,,merge
6e7d353e87e10c28c593e85939e5c4586c6f577b,ca084d40c1fecdd87e45a49f58448c5b77766488,,merge
bc8b0480e9832811dce25dd705eb541009665c76,046d281abc4e088c4eb685bdf8756c59a51c1b4d,2016-10-16 14:52:39,rebase
8210f89b127a7c085ec38ba4342602da6b298244,e94d16667b1696e90da6c1b5c551815b0f873534,2016-11-04 10:35:31,rebase
046d281abc4e088c4eb685bdf8756c59a51c1b4d,a49601ba875245fa6789d699d51031d1dec80b93,2016-10-16 12:52:00,rebase
a49601ba875245fa6789d699d51031d1dec80b93,aa10ec6e455a4c767c5feed83e2e8623adb3e775,2016-10-12 13:13:52,rebase
ccbd94d409c5dc9333a55f11fd1cae35e8c6913b,5b8051581e2873fdac5bbbb9b8a10460fb6c3965,,merge
aa10ec6e455a4c767c5feed83e2e8623adb3e775,73ddbc3acdd2c7765d4ae953dd9b31da93acf433,2016-10-11 00:49:23,rebase
ba0f0682419094a51a10875e5265aef05bd4b50d,66ff4aae89572419bb130c5613798e34d7521fc7,,merge
10da955db7c3025925ab5936c309e5f30b0d60e7,9017eaee08b0bf401188812d666fe81a5733d66f,,merge
0498e1475bcd3aa6205442d2f00c1cb3be1b6ddf,fc86d741dba61b1ba97048762a6aaddf858d97c3,,merge
69257def3acaef07c7de8a84ba0df0b5ea789c37,e6a32db7b9553d835931673203602b9f657bd922,,merge
b820e8e30a8cc0bc545a1974c4157d88cb612971,e6a32db7b9553d835931673203602b9f657bd922,,merge
cf2dab9b27d8cf5869bbb3bb80dec4a727b71697,e6a32db7b9553d835931673203602b9f657bd922,,merge
c9fb5a3aba08e45242e68cb23611be3c26fc2d15,2e6a110181b1aa08e0a8a43cdb6c88c4a642ab3a,,merge
f8300cc884dd71726bfac0c82ccf2c20c4ecce42,2e6a110181b1aa08e0a8a43cdb6c88c4a642ab3a,,merge
1736358559176eba87743256ec5482166f3d6efa,887e58bd21587dba9fd685e1b80d44bbb0cec6df,,merge
52cdac73fad5db76fa099882aba3a114a16e27d7,f1c536fe133ee1a8d7cd3ccb7944f9d5d47a1bf2,,merge
95cc98f1654ebf0976f3edbf09f877efac1325fe,f1c536fe133ee1a8d7cd3ccb7944f9d5d47a1bf2,,merge
c3ae1a2a2901050890d8f322a2d7b9bd22d5b377,80ba9944e5ec247824c8c01ff58eba9a07a2b630,,merge
6c338a6ba679d88375494a6300223ab5606cedcd,a6676e6bc275ddde0e80c6834ecb33c9ec60f13f,,merge
8881bdc7a116a35b26c4c8fc4e8be3a2523e1246,25914d381af615097583473c5fbef559ff0ddd9f,,merge
69c970f5da2dfa5a5ca16fcf660f3e39b02a4085,00b91a07cb0d4f406cc3e235b73b7eaa8b0b7dee,,merge
31b24dc30923ebbbeaa5215c3775a3ed4b8d6a80,00b91a07cb0d4f406cc3e235b73b7eaa8b0b7dee,,merge
